{"cameraMode":{"drawMode":0,"name":"Shaded","section":"Shading Mode"},"sceneLighting":false,"audioPlay":false,"sceneViewState":{"showFog":false,"showMaterialUpdate":false,"showSkybox":false,"showFlares":false,"showImageEffects":false,"showParticleSystems":true},"in2DMode":false,"pivot":{"x":0.9819589257240295,"y":0.9900000095367432,"z":-2.2566018104553224},"rotation":{"x":0.11957717686891556,"y":0.6488020420074463,"z":-0.10424364358186722,"w":0.7442382574081421},"size":22.0,"orthographic":false}