{"cameraMode":{"drawMode":0,"name":"Shaded","section":"Shading Mode"},"sceneLighting":false,"audioPlay":false,"sceneViewState":{"showFog":false,"showMaterialUpdate":false,"showSkybox":false,"showFlares":false,"showImageEffects":false,"showParticleSystems":true},"in2DMode":false,"pivot":{"x":7.450580596923828e-9,"y":0.39899998903274538,"z":-0.9527000188827515},"rotation":{"x":-0.06024681404232979,"y":-0.029658526182174684,"z":0.0017925449647009373,"w":-0.997741162776947},"size":0.33048015832901,"orthographic":false}