{"cameraMode":{"drawMode":0,"name":"Shaded","section":"Shading Mode"},"sceneLighting":true,"audioPlay":false,"sceneViewState":{"showFog":true,"showMaterialUpdate":true,"showSkybox":true,"showFlares":true,"showImageEffects":true,"showParticleSystems":true},"in2DMode":false,"pivot":{"x":-0.00422900915145874,"y":0.582747220993042,"z":-1.0673555135726929},"rotation":{"x":0.022016730159521104,"y":-0.7212017178535461,"z":0.022950775921344758,"w":0.6919946670532227},"size":0.4743002653121948,"orthographic":false}