{"cameraMode":{"drawMode":0,"name":"Shaded","section":"Shading Mode"},"sceneLighting":false,"audioPlay":false,"sceneViewState":{"showFog":false,"showMaterialUpdate":false,"showSkybox":false,"showFlares":false,"showImageEffects":false,"showParticleSystems":true},"in2DMode":false,"pivot":{"x":-0.12045019865036011,"y":0.15552031993865968,"z":-0.07367557287216187},"rotation":{"x":0.10611569136381149,"y":0.8535476326942444,"z":-0.19159658253192902,"w":0.4727437198162079},"size":0.45788395404815676,"orthographic":false}