{"cameraMode":{"drawMode":0,"name":"Shaded","section":"Shading Mode"},"sceneLighting":false,"audioPlay":false,"sceneViewState":{"showFog":false,"showMaterialUpdate":false,"showSkybox":false,"showFlares":false,"showImageEffects":false,"showParticleSystems":true},"in2DMode":false,"pivot":{"x":-9.057600021362305,"y":1.6349999904632569,"z":-71.29605865478516},"rotation":{"x":0.21289005875587464,"y":-0.5409024953842163,"z":0.1437828242778778,"w":0.8008924722671509},"size":0.04419051483273506,"orthographic":false}