{"cameraMode":{"drawMode":0,"name":"Shaded","section":"Shading Mode"},"sceneLighting":false,"audioPlay":false,"sceneViewState":{"showFog":false,"showMaterialUpdate":false,"showSkybox":false,"showFlares":false,"showImageEffects":false,"showParticleSystems":true},"in2DMode":false,"pivot":{"x":0.04309999942779541,"y":0.4000000059604645,"z":0.0},"rotation":{"x":0.22337529063224793,"y":0.38879653811454775,"z":-0.09774758666753769,"w":0.8884740471839905},"size":0.32327669858932497,"orthographic":false}